{
  "project_info": {
    "project_number": "860158054443",
    "firebase_url": "https://purasangrev2.firebaseio.com",
    "project_id": "purasangrev2",
    "storage_bucket": "purasangrev2.appspot.com"
  },
  "client": [
    {
      "client_info": {
        "mobilesdk_app_id": "1:860158054443:android:7d7c99c19e09b2ba99da6e",
        "android_client_info": {
          "package_name": "com.asomic.purasangreV2"
        }
      },
      "oauth_client": [
        {
          "client_id": "860158054443-t8sjn1fod03rm4ncgkujds1juvvt8vji.apps.googleusercontent.com",
          "client_type": 3
        }
      ],
      "api_key": [
        {
          "current_key": "AIzaSyDnlYsevfa8bOo4F98bmAzf2jH_75I1-y8"
        }
      ],
      "services": {
        "appinvite_service": {
          "other_platform_oauth_client": [
            {
              "client_id": "860158054443-t8sjn1fod03rm4ncgkujds1juvvt8vji.apps.googleusercontent.com",
              "client_type": 3
            }
          ]
        }
      }
    }
  ],
  "configuration_version": "1"
}